<?xml version="1.0" encoding="UTF-8"?>
<valueSets>
   <valueSet xmlns:cda="urn:hl7-org:v3"
             xmlns:hl7="urn:hl7-org:v3"
             xmlns:xsi="http://www.w3.org/2001/XMLSchema-instance"
             id="2.16.840.1.113883.1.11.1"
             name="AdministrativeGender"
             displayName="AdministrativeGender"
             effectiveDate="2011-07-26T00:00:00"
             statusCode="final"
             versionLabel="DEFN=UV=VO=1099-20110726"
             url="http://art-decor.org/decor/services/"
             ident="ad2bbr-"
             referencedFrom="ifsgm-">
      <desc language="en-US">
                <b>description: </b>
         <p>The gender of a person used for adminstrative purposes (as opposed to clinical gender)</p>
            </desc>
      <sourceCodeSystem id="2.16.840.1.113883.5.1" identifierName="Administrative Gender"/>
      <conceptList>
                <concept code="F"
                  codeSystem="2.16.840.1.113883.5.1"
                  displayName="Female"
                  level="0"
                  type="L"/>
                <concept code="M"
                  codeSystem="2.16.840.1.113883.5.1"
                  displayName="Male"
                  level="0"
                  type="L"/>
                <concept code="UN"
                  codeSystem="2.16.840.1.113883.5.1"
                  displayName="Undifferentiated"
                  level="0"
                  type="L"/>
            </conceptList>
   </valueSet>
</valueSets>
