<?xml version="1.0" encoding="UTF-8"?>
<valueSets>
   <valueSet xmlns:cda="urn:hl7-org:v3"
             xmlns:hl7="urn:hl7-org:v3"
             xmlns:xsi="http://www.w3.org/2001/XMLSchema-instance"
             id="2.16.840.1.113883.1.11.16926"
             name="x_BasicConfidentialityKind"
             displayName="x_BasicConfidentialityKind"
             effectiveDate="2011-07-26T00:00:00"
             statusCode="final"
             versionLabel="DEFN=UV=VO=1099-20110726"
             url="http://art-decor.org/decor/services/"
             ident="ad2bbr-"
             referencedFrom="ifsgm-">
      <desc language="en-US">
                <b>description: </b>
         <p>Used to enumerate the typical confidentiality constraints placed upon a clinical document.</p>
            </desc>
      <sourceCodeSystem id="2.16.840.1.113883.5.25" identifierName="Confidentiality"/>
      <conceptList>
                <concept code="N"
                  codeSystem="2.16.840.1.113883.5.25"
                  displayName="normal"
                  level="0"
                  type="L"/>
                <concept code="R"
                  codeSystem="2.16.840.1.113883.5.25"
                  displayName="restricted"
                  level="0"
                  type="L"/>
                <concept code="V"
                  codeSystem="2.16.840.1.113883.5.25"
                  displayName="very restricted"
                  level="0"
                  type="L"/>
            </conceptList>
   </valueSet>
</valueSets>
