<?xml version="1.0" encoding="UTF-8"?>
<valueSets>
   <valueSet xmlns:cda="urn:hl7-org:v3"
             xmlns:hl7="urn:hl7-org:v3"
             xmlns:xsi="http://www.w3.org/2001/XMLSchema-instance"
             id="2.16.840.1.113883.1.11.12212"
             name="MaritalStatus"
             displayName="MaritalStatus"
             effectiveDate="2011-07-26T00:00:00"
             statusCode="final"
             versionLabel="DEFN=UV=VO=1099-20110726"
             url="http://art-decor.org/decor/services/"
             ident="ad2bbr-"
             referencedFrom="ifsgm-">
      <desc language="en-US">
                <b>description: </b>
         <p>The domestic partnership status of a person.</p>
         <p>
                    <i>Example:</i> Married, separated, divorced, widowed, common-law marriage.</p>
            </desc>
      <sourceCodeSystem id="2.16.840.1.113883.5.2" identifierName="MaritalStatus"/>
      <sourceCodeSystem id="2.16.840.1.113883.6.21" identifierName="nubc-UB92"/>
      <completeCodeSystem codeSystem="2.16.840.1.113883.6.21" codeSystemName="nubc-UB92"/>
      <conceptList>
                <concept code="A"
                  codeSystem="2.16.840.1.113883.5.2"
                  displayName="Annulled"
                  level="0"
                  type="L"/>
                <concept code="D"
                  codeSystem="2.16.840.1.113883.5.2"
                  displayName="Divorced"
                  level="0"
                  type="L"/>
                <concept code="I"
                  codeSystem="2.16.840.1.113883.5.2"
                  displayName="Interlocutory"
                  level="0"
                  type="L"/>
                <concept code="L"
                  codeSystem="2.16.840.1.113883.5.2"
                  displayName="Legally Separated"
                  level="0"
                  type="L"/>
                <concept code="M"
                  codeSystem="2.16.840.1.113883.5.2"
                  displayName="Married"
                  level="0"
                  type="L"/>
                <concept code="P"
                  codeSystem="2.16.840.1.113883.5.2"
                  displayName="Polygamous"
                  level="0"
                  type="L"/>
                <concept code="S"
                  codeSystem="2.16.840.1.113883.5.2"
                  displayName="Never Married"
                  level="0"
                  type="L"/>
                <concept code="T"
                  codeSystem="2.16.840.1.113883.5.2"
                  displayName="Domestic partner"
                  level="0"
                  type="L"/>
                <concept code="W"
                  codeSystem="2.16.840.1.113883.5.2"
                  displayName="Widowed"
                  level="0"
                  type="L"/>
            </conceptList>
   </valueSet>
</valueSets>
