<?xml version="1.0" encoding="UTF-8"?>
<valueSets>
   <valueSet xmlns:cda="urn:hl7-org:v3"
             xmlns:hl7="urn:hl7-org:v3"
             xmlns:xsi="http://www.w3.org/2001/XMLSchema-instance"
             id="2.16.840.1.113883.1.11.15933"
             name="ActStatus"
             displayName="ActStatus"
             effectiveDate="2011-07-26T00:00:00"
             statusCode="final"
             versionLabel="DEFN=UV=VO=1099-20110726"
             url="http://art-decor.org/decor/services/"
             ident="ad2bbr-"
             referencedFrom="ifsgm-">
      <desc language="en-US">
                <b>description: </b>
         <p>Contains the names (codes) for each of the states in the state-machine of the RIM Act class.</p>
            </desc>
      <sourceCodeSystem id="2.16.840.1.113883.5.14" identifierName="ActStatus"/>
      <conceptList>
                <concept code="normal"
                  codeSystem="2.16.840.1.113883.5.14"
                  displayName="normal"
                  level="0"
                  type="S"/>
                <concept code="aborted"
                  codeSystem="2.16.840.1.113883.5.14"
                  displayName="aborted"
                  level="1"
                  type="L"/>
                <concept code="active"
                  codeSystem="2.16.840.1.113883.5.14"
                  displayName="active"
                  level="1"
                  type="L"/>
                <concept code="cancelled"
                  codeSystem="2.16.840.1.113883.5.14"
                  displayName="cancelled"
                  level="1"
                  type="L"/>
                <concept code="completed"
                  codeSystem="2.16.840.1.113883.5.14"
                  displayName="completed"
                  level="1"
                  type="L"/>
                <concept code="held"
                  codeSystem="2.16.840.1.113883.5.14"
                  displayName="held"
                  level="1"
                  type="L"/>
                <concept code="new"
                  codeSystem="2.16.840.1.113883.5.14"
                  displayName="new"
                  level="1"
                  type="L"/>
                <concept code="suspended"
                  codeSystem="2.16.840.1.113883.5.14"
                  displayName="suspended"
                  level="1"
                  type="L"/>
                <concept code="nullified"
                  codeSystem="2.16.840.1.113883.5.14"
                  displayName="nullified"
                  level="0"
                  type="L"/>
                <concept code="obsolete"
                  codeSystem="2.16.840.1.113883.5.14"
                  displayName="obsolete"
                  level="0"
                  type="L"/>
            </conceptList>
   </valueSet>
</valueSets>
